{"lasso_alpha": 8.2, "lasso_coef": [55.51095192059535, 45.977034893545365, 27.531374458276424, 3.3631332983507547, 9.038433559333729, 49.43671419144829, 126.70293106224356, 45.100589384162596, 23.05442632281774, 9.856324059386445, 0.0, 3.1568976707685845, -8.118860844239213, 102.94992196177546, 0.0, -0.0, 17.76359235854825, -85.73614641848884, -0.0], "lasso_intercept": 532.2961176470588, "ridge_alpha": 9.900000000000002, "ridge_coef": [-99.64056511779361, 87.85475143804906, -3.709780576102175, 22.50316687893635, 18.3497321271453, 68.19289239672968, -55.21554926280511, -5.930964620855075, 127.21511684215682, 21.564578758367713, 129.74388770114817, 93.22509484549641, -102.97057988208601, 116.56925232046837, 31.190523662738144, -10.055998571188605, 39.05110374537782, -80.7269112043587, -22.53792400608593], "ridge_intercept": 532.2961176470588, "lin_reg_coef": [-216.58725574043842, 176.66653939751407, 26.421743414105272, -32.307233966744604, 3.5039644239262486, 114.47871877649405, -38.279933164514716, -900.6802053367248, 836.5581741863815, 28.555204410884862, 405.68489430205113, 64.99526588304009, -187.22476547081396, 115.53995185451988, 68.62131272751708, -13.901111774640754, 58.909738566758406, -81.77905185934735, -35.02755068791093], "lin_reg_intercept": 532.2961176470588}